DBSCAN_Cluster,Earthquake_Count,Average_Magnitude,Max_Magnitude,Average_Depth,Risk_Level
0,1004,4.437410358565737,7.8,20.676682270916334,High Risk
1,212,4.154716981132076,6.7,17.315094339622643,High Risk
2,29,4.410344827586207,5.1,26.695862068965514,Low Risk
3,200,4.343999999999999,5.9,28.51493,Low Risk
4,9,4.222222222222222,4.6,32.62222222222223,Low Risk
